"","LIBID","LIBNAME","PHONE","CENTLIB","BRANLIB","BKMOB","MASTER","LIBRARIA","OTHPAID","LOCGVT","STGVT","FEDGVT","OTHINCM","TOTINCM","TOTEXPCO","TOTOPEXP","CAPITAL","BKVOL","SUBSCRIP","REFERENC","TOTCIR","LOANTO","LOANFM","KIDCIRCL","KIDATTEN","C_RELATN","C_LEGBAS","C_ADMIN","CNTY","POPU_UND","FSCSKEY","STABR","OBEREG","RSTATUS","C_FSCS","ELMATEXP","GEOCODE","POPU_LSA","TOTSTAFF","HRS_OPEN","VISITS","GPTERMS","YR_SUB","ADDRES_M","ZIP4_M","LSABOUND","PRMATEXP","OTHMATEX","CAP_REV","EBOOK","DATABASE","STARTDAT","ENDDATE","TOTPRO","TOTATTEN","LCAP_REV","SCAP_REV","OCAP_REV","KIDPRO","STATSTRU","STATNAME","STATADDR","DB_ST","REGBOR","PITUSR","LONGITUD","FIPSST","FIPSCO","FIPSPLAC","CENBLOCK","CDCODE","CNTYPOP","LOCALE","YAPRO","YAATTEN","AUDIO_PH","AUDIO_DL","VIDEO_PH","VIDEO_DL","CBSA","MICROF","DB_LO_OT","GAL","GALMS","POSTMS","Year"
"5703","400300000","BROOKLYN PUBLIC LIBRARY","7182302404",1,59,4,241.5,261.63,526.31,"$81,684,651.00 ","$8,012,548.00 ","$1,578,667.00 ","18881522","$110,157,388.00 ","$6,272,589.00 ","$102,750,893.00 ","$7,274,308.00 ",3151567,6767,3524976,17461510,4047,3588,6762630,405350,"HQ","NP","MO","KINGS",2488470,"NY0004","NY",2,1,"Y","$1,235,947.00 ","CO1",2504700,787.94,136027,10066773,1337,2014,"10 GRAND ARMY PLAZA","5600","N","$4,037,065.00 ","$999,577.00 ","$1,444,463.00 ",61225,68,"1/1/2013 0:00","12/31/2013 0:00",38247,664449,"$0.00 ","$1,444,463.00 ","$0.00 ",17347,0,0,0,11,1136646,2225956,-73.9695039,36,47,51000,1003,"3609",2602373,"11",4944,59079,47773,9190,249135,918,35620,"0",57,"house","STD","NND","01/01/2013"
"6236","6800310000","QUEENS BOROUGH PUBLIC LIBRARY","7189900700",1,61,0,294.88,294.88,747.25,"$88,369,203.00 ","$7,767,476.00 ","$4,327,229.00 ","5544078","$106,007,986.00 ","$3,750,926.00 ","$103,246,061.00 ","$824,765.00 ",4892486,7326,4502173,16924526,3257,1593,6254175,294677,"HQ","CO","MO","QUEENS",2216267,"NY0562","NY",2,1,"Y","$531,593.00 ","CO1",2230722,1042.13,125268,11888000,1650,2014,"89-11 MERRICK BOULEVARD","5242","N","$2,641,816.00 ","$577,517.00 ","$0.00 ",46127,30,"1/1/2013 0:00","12/31/2013 0:00",37973,664114,"$0.00 ","$0.00 ","$0.00 ",16350,0,0,0,11,884791,2464236,-73.795305,36,81,51000,2006,"3605",2303993,"11",5688,87830,114636,4340,442443,262,35620,"0",19,"postalcode-sub","PCR","POC","01/01/2013"
"6430","4801290000","NEW YORK PUBLIC LIBRARY, THE BRANCH LIBRARIES","2126420118",1,87,0,332.8,515.68,1267.79,"$146,087,186.00 ","$13,088,981.00 ","$852,821.00 ","50271191","$210,300,179.00 ","$24,472,962.00 ","$238,016,888.00 ","$37,031,567.00 ",22016271,55978,7330245,26531801,7449,7137,7122567,682048,"HQ","NP","MO","NEW YORK",3417422,"NY0778","NY",2,1,"Y","$5,915,097.00 ","MC1",3439711,1783.47,213148,17701811,4123,2014,"455 FIFTH AVENUE","118","N","$15,276,997.00 ","$3,280,868.00 ","$32,016,914.00 ",398013,345,"1/1/2013 0:00","12/31/2013 0:00",65369,1260108,"$13,148,547.00 ","$1,732,093.00 ","$16,968,799.00 ",27752,0,0,0,11,2370050,5885196,-73.9819141,36,61,51000,1003,"3612",1632005,"11",9911,124485,675832,147925,796018,85270,35620,"0",334,"house","STD","NND","01/01/2013"
"5511","400300000","BROOKLYN PUBLIC LIBRARY","7187807804",1,59,1,315,315,644,"$30575274.00","$5336717.00","$406256.00","$1633000.00","$37951247.00","$4858000.00","$34773923.00",NA,5255084,19206,3324136,8884103,3418,19426,3272519,65541,"HQ","NP","MO","-1",1582131,"NY0004","NY",2,2,"","","",NA,NA,NA,NA,NA,NA,"","",NA,"","","",NA,NA,"","",NA,NA,"","","",NA,NA,NA,NA,NA,NA,NA,NA,NA,NA,NA,NA,"",NA,"",NA,NA,NA,NA,NA,NA,NA,"",NA,"","","","01/01/1992"
"14432","400300000","BROOKLYN PUBLIC LIBRARY","7187807804",1,59,1,298.38,298.38,721.88,"$35083842.00","$5735655.00","$450362.00","$1730718.00","$43000577.00","$4760695.00","$38370537.00",NA,5583072,19486,5283408,9220621,2085,0,3396478,241692,"HQ","NP","MO","KINGS CO.",1580427,"NY0004","NY",2,1,"","","",NA,NA,NA,NA,NA,NA,"","",NA,"","","",NA,NA,"","",NA,NA,"","","",NA,NA,NA,NA,NA,NA,NA,NA,NA,NA,NA,NA,"",NA,"",NA,NA,NA,NA,NA,NA,NA,"",NA,"","","","01/01/1993"
"50765","6800310000","QUEENS BOROUGH PUBLIC LIBRARY","7189900790",1,62,0,349.13,349.13,798,"$51606408.00","$5811092.00","$395028.00","$4560676.00","$62373204.00","$10385413.00","$65804754.00",NA,8872702,4623,3493048,15783237,3545,7987,4410451,315242,"HQ","NP","MO","QUEENS CO.",1817385,"NY0562","NY",2,1,"Y","$1041040.00","",NA,NA,NA,NA,NA,NA,"","",NA,"","","",NA,NA,"","",NA,NA,"","","",NA,NA,NA,NA,NA,NA,NA,NA,NA,NA,NA,NA,"",NA,"",NA,NA,NA,NA,NA,NA,NA,"",NA,"","","","01/01/1997"
"59184","400300000","BROOKLYN PUBLIC LIBRARY","7182302403",1,59,1,335.13,388.5,784.88,"$56426479.00","$7313250.00","$566790.00","$4449300.00","$68755819.00","$10475255.00","$67864162.00",NA,6589978,13953,5931666,10319760,276,100,3775494,378091,"HQ","CO","MO","KINGS",2146235,"NY0004","NY",2,2,"Y","$300000.00","CO1",NA,1173.38,124800,9345382,-1,1999,"","",NA,"","","",NA,NA,"","",NA,NA,"","","",NA,NA,NA,NA,NA,NA,NA,NA,NA,NA,NA,NA,"",NA,"",NA,NA,NA,NA,NA,NA,NA,"",NA,"","","","01/01/1998"
"59719","6800000000","QUEENS BOROUGH PUBLIC LIBRARY","7189908618",1,62,0,336,336,853.13,"$56218379.00","$6572342.00","$278721.00","$4514291.00","$67583733.00","$10860164.00","$65464749.00",NA,9666195,4623,3356976,16882963,7146,4102,4808141,352484,"HQ","CO","MO","QUEENS",1820615,"NY0562","NY",2,2,"Y","$610470.00","CO1",NA,1189.13,138214,15999403,-1,1999,"","",NA,"","","",NA,NA,"","",NA,NA,"","","",NA,NA,NA,NA,NA,NA,NA,NA,NA,NA,NA,NA,"",NA,"",NA,NA,NA,NA,NA,NA,NA,"",NA,"","","","01/01/1998"
"68178","400300000","BROOKLYN PUBLIC LIBRARY","7182302403",1,59,1,340.38,411.25,783.13,"$62074170.00","$7125556.00","$192681.00","$8343660.00","$77736067.00","$11076364.00","$73077734.00",NA,6495564,14300,6242080,10356623,2611,928,4422712,393729,"HQ","CO","MO","KINGS",2147538,"NY0004","NY",2,2,"Y","$500000.00","CO1",NA,1194.38,132877,9482865,754,2000,"GRAND ARMY PLAZA","5698",NA,"","","",NA,NA,"","",NA,NA,"","","",NA,NA,NA,NA,NA,NA,NA,NA,NA,NA,NA,NA,"",NA,"",NA,NA,NA,NA,NA,NA,NA,"",NA,"","","","01/01/1999"
"68713","6800000000","QUEENS BOROUGH PUBLIC LIBRARY","7189908618",1,62,0,339.5,339.5,865.38,"$63154224.00","$6059277.00","$1670586.00","$3813113.00","$74697200.00","$12554389.00","$72458460.00",NA,9164358,4623,3382652,17451780,6910,3329,5339005,367162,"HQ","CO","MO","QUEENS",1821721,"NY0562","NY",2,2,"Y","$518291.00","CO1",NA,1204.88,138214,16679761,687,2000,"89-11 MERRICK BOULEVARD","5242",NA,"","","",NA,NA,"","",NA,NA,"","","",NA,NA,NA,NA,NA,NA,NA,NA,NA,NA,NA,NA,"",NA,"",NA,NA,NA,NA,NA,NA,NA,"",NA,"","","","01/01/1999"
"77252","400300000","BROOKLYN PUBLIC LIBRARY","7182302403",1,59,1,330.75,423.5,756,"$63281982.00","$7116784.00","$446388.00","$7786485.00","$78631639.00","$11997719.00","$78615045.00",NA,6669651,12500,6788392,11180767,3092,1174,4919537,513798,"HQ","CO","MO","KINGS",2141647,"NY0004","NY",2,1,"Y","$732400.00","CO1",NA,1179.5,133779,8612091,828,2001,"GRAND ARMY PLAZA","5698",NA,"","","",NA,NA,"","",NA,NA,"","","",NA,NA,NA,NA,NA,NA,NA,NA,NA,NA,NA,NA,"",NA,"",NA,NA,NA,NA,NA,NA,NA,"",NA,"","","","01/01/2000"
"77789","6800000000","QUEENS BOROUGH PUBLIC LIBRARY","7189908542",1,62,0,352.19,420,822.41,"$64036832.00","$6256120.00","$2057230.00","$5272559.00","$77622741.00","$10985922.00","$74283888.00",NA,9589861,10117,3550300,16866579,7031,2597,5197377,385329,"HQ","CO","MO","QUEENS",1816723,"NY0562","NY",2,1,"Y","$790141.00","CO1",NA,1242.41,139670,15957772,790,2001,"89-11 MERRICK BOULEVARD","5242",NA,"","","",NA,NA,"","",NA,NA,"","","",NA,NA,NA,NA,NA,NA,NA,NA,NA,NA,NA,NA,"",NA,"",NA,NA,NA,NA,NA,NA,NA,"",NA,"","","","01/01/2000"
"77989","4801290000","NEW YORK PUBLIC LIBRARY","2124300941",1,85,0,635.51,635.51,1864.62,"$105512586.00","$20933294.00","$3713181.00","$64057471.00","$194216532.00","$25499441.00","$184373698.00",NA,18730043,84577,9191030,12934494,6685,3364,3536387,292185,"HQ","CO","MO","NEW YORK",2858114,"NY0778","NY",2,1,"Y","$500000.00","MC1",NA,2500.13,175500,14114942,1180,2001,"455 FIFTH AVENUE","122",NA,"","","",NA,NA,"","",NA,NA,"","","",NA,NA,NA,NA,NA,NA,NA,NA,NA,NA,NA,NA,"",NA,"",NA,NA,NA,NA,NA,NA,NA,"",NA,"","","","01/01/2000"
"86380","400300000","BROOKLYN PUBLIC LIBRARY","7182302403",1,59,2,337.31,408.19,745.06,"$64291617.00","$8076244.00","$368200.00","$6976714.00","$79712775.00","$8609854.00","$77054618.00",NA,6777703,10345,6614504,11469622,3498,804,4998462,523011,"HQ","CO","MO","KINGS",2307160,"NY0004","NY",2,1,"Y","$0.00","CO1",NA,1153.25,138372,8915398,884,2002,"GRAND ARMY PLAZA","5698",NA,"","","",NA,NA,"","",NA,NA,"","","",NA,NA,NA,NA,NA,NA,NA,NA,NA,NA,NA,NA,"",NA,"",NA,NA,NA,NA,NA,NA,NA,"",NA,"","","","01/01/2001"
"86912","6800000000","QUEENS BOROUGH PUBLIC LIBRARY","7189909618",1,62,0,327.78,378.35,830.99,"$84375603.00","$6842230.00","$768361.00","$4740460.00","$96726654.00","$10260470.00","$76785290.00",NA,9595051,10867,3293238,17045799,6475,2678,5528172,405730,"HQ","CO","MO","QUEENS",2086350,"NY0562","NY",2,1,"Y","$886064.00","CO1",NA,1209.34,137536,16567675,810,2002,"89-11 MERRICK BOULEVARD","5248",NA,"","","",NA,NA,"","",NA,NA,"","","",NA,NA,NA,NA,NA,NA,NA,NA,NA,NA,NA,NA,"",NA,"",NA,NA,NA,NA,NA,NA,NA,"",NA,"","","","01/01/2001"
"87107","4801290000","NEW YORK PUBLIC LIBRARY","2124300941",1,85,0,754.25,754.25,2067.63,"$125004270.00","$22116472.00","$2464735.00","$74482561.00","$224068038.00","$33787707.00","$215379047.00",NA,19080814,85124,8998599,14472137,6472,3483,3801696,265983,"HQ","CO","MO","NEW YORK",3100986,"NY0778","NY",2,1,"Y","$0.00","MC1",NA,2821.88,173420,14565243,1648,2002,"455 FIFTH AVENUE","122",NA,"","","",NA,NA,"","",NA,NA,"","","",NA,NA,NA,NA,NA,NA,NA,NA,NA,NA,NA,NA,"",NA,"",NA,NA,NA,NA,NA,NA,NA,"",NA,"","","","01/01/2001"
"95507","400300000","BROOKLYN PUBLIC LIBRARY","7182302403",1,59,2,265.12,349.12,677.69,"$67180011.00","$7257181.00","$510027.00","$8144346.00","$83091565.00","$8309084.00","$76383047.00",NA,7099406,15828,6165328,11141898,2757,853,4727519,427667,"HQ","CO","MO","KINGS",2465326,"NY0004","NY",2,1,"Y","$0.00","CO1",NA,1026.81,120120,8623829,921,2003,"GRAND ARMY PLAZA","5698",NA,"","","",NA,NA,"","",NA,NA,"","","",NA,NA,NA,NA,NA,NA,NA,NA,NA,NA,NA,NA,"",NA,"",NA,NA,NA,NA,NA,NA,NA,"",NA,"","","","01/01/2002"
"96039","6800000000","QUEENS BOROUGH PUBLIC LIBRARY","7189908618",1,62,0,291.38,329,777.88,"$53699506.00","$6471466.00","$2128083.00","$5547136.00","$67846191.00","$8849333.00","$74185791.00",NA,9119334,8813,3443310,16860455,6619,2488,5176929,314533,"HQ","CO","MO","QUEENS",2229379,"NY0562","NY",2,1,"Y","$991632.00","CO1",NA,1106.88,137498,16202787,830,2003,"89-11 MERRICK BOULEVARD","5248",NA,"","","",NA,NA,"","",NA,NA,"","","",NA,NA,NA,NA,NA,NA,NA,NA,NA,NA,NA,NA,"",NA,"",NA,NA,NA,NA,NA,NA,NA,"",NA,"","","","01/01/2002"
"96238","4801290000","NEW YORK PUBLIC LIBRARY","2123400941",1,86,0,644,644,1764.88,"$115489421.00","$21471363.00","$2869571.00","$74766128.00","$214596483.00","$26482810.00","$208834107.00",NA,19386559,79695,8962758,15032908,5876,3447,3729809,278836,"HQ","CO","MO","NEW YORK",3313573,"NY0778","NY",2,1,"Y","$0.00","MC1",NA,2408.88,156260,14645515,1951,2003,"455 FIFTH AVENUE","122",NA,"","","",NA,NA,"","",NA,NA,"","","",NA,NA,NA,NA,NA,NA,NA,NA,NA,NA,NA,NA,"",NA,"",NA,NA,NA,NA,NA,NA,NA,"",NA,"","","","01/01/2002"
"104720","400300000","BROOKLYN PUBLIC LIBRARY","7182302403",1,59,2,287.44,362.69,550.81,"$62649234.00","$7628571.00","$117934.00","$8119531.00","$78515270.00","$7360095.00","$77879263.00",NA,6092737,15101,4567992,10110201,3852,869,4233591,427667,"HQ","NP","MO","KINGS",2461205,"NY0004","NY",2,1,"Y","$405035.00","CO1",NA,913.5,99008,9656970,931,2004,"GRAND ARMY PLAZA","5698",NA,"$5322794.00","$1632266.00","$841479.00",0,10,"","",NA,NA,"","","",NA,NA,NA,NA,NA,NA,NA,NA,NA,NA,NA,NA,"",NA,"",NA,NA,NA,NA,NA,NA,NA,"",NA,"","","","01/01/2003"
"105253","6800310000","QUEENS BOROUGH PUBLIC LIBRARY","7189908618",1,62,0,285.69,307.56,822.94,"$55637966.00","$6205483.00","$2299462.00","$5356413.00","$69499324.00","$9392569.00","$71781750.00",NA,7689246,8533,2890212,16580373,6523,2141,4818701,307311,"HQ","CO","MO","QUEENS",2225653,"NY0562","NY",2,1,"Y","$638792.00","CO1",NA,1130.5,119883,14945031,830,2004,"89-11 MERRICK BOULEVARD","5248",NA,"$8241307.00","$512470.00","$0.00",1033,70,"","",NA,NA,"","","",NA,NA,NA,NA,NA,NA,NA,NA,NA,NA,NA,NA,"",NA,"",NA,NA,NA,NA,NA,NA,NA,"",NA,"","","","01/01/2003"
"105448","4801290000","NEW YORK PUBLIC LIBRARY","2123400941",1,87,0,546.1,546.1,1811.86,"$102275849.00","$21983580.00","$1940667.00","$89198923.00","$215399019.00","$21981574.00","$202185721.00",NA,19681803,46781,6947227,14157753,4461,2752,3434357,240586,"HQ","NP","MO","NEW YORK",3308035,"NY0778","NY",2,1,"Y","$0.00","MC1",NA,2357.96,153075,13315552,1942,2004,"455 FIFTH AVENUE","122",NA,"$21179301.00","$802273.00","$4582242.00",0,0,"","",NA,NA,"","","",NA,NA,NA,NA,NA,NA,NA,NA,NA,NA,NA,NA,"",NA,"",NA,NA,NA,NA,NA,NA,NA,"",NA,"","","","01/01/2003"
"113921","400300000","BROOKLYN PUBLIC LIBRARY","7182302403",1,59,2,291.38,352.19,568.31,"$70821159.00","$7219094.00","$482579.00","$8232061.00","$86754893.00","$5818211.00","$80318102.00",NA,4489647,15888,5183360,12001857,4358,1481,3147229,337664,"HQ","NP","MO","KINGS",2455574,"NY0004","NY",2,1,"Y","$1609585.00","CO1",NA,920.5,105056,9894820,958,2005,"GRAND ARMY PLAZA","5698",NA,"$3215981.00","$992645.00","$2084816.00",4187,69,"1/1/04","12/31/04",37272,568588,"","","",NA,NA,NA,NA,NA,NA,NA,NA,NA,NA,NA,NA,"",NA,"",NA,NA,NA,NA,NA,NA,NA,"",NA,"","","","01/01/2004"
"114452","6800310000","QUEENS BOROUGH PUBLIC LIBRARY","7189908618",1,62,0,301.88,318.51,856.63,"$72114147.00","$5945000.00","$1834743.00","$5235508.00","$85129398.00","$8779882.00","$75150096.00",NA,5848127,7995,3405857,17851129,6010,1805,5269658,300358,"HQ","CO","MO","QUEENS",2220560,"NY0562","NY",2,1,"Y","$515464.00","CO1",NA,1175.14,122031,14554187,830,2005,"89-11 MERRICK BOULEVARD","5248",NA,"$7736592.00","$527826.00","$0.00",6650,67,"1/1/04","12/31/04",22452,473384,"","","",NA,NA,NA,NA,NA,NA,NA,NA,NA,NA,NA,NA,"",NA,"",NA,NA,NA,NA,NA,NA,NA,"",NA,"","","","01/01/2004"
"114647","4801290000","NEW YORK PUBLIC LIBRARY, THE BRANCH LIBRARIES","2126420120",1,87,0,560.18,560.18,2072.88,"$116857231.00","$17515229.00","$1473382.00","$84617908.00","$220463750.00","$22209173.00","$210914562.00",NA,20017441,83225,7250666,15230636,4025,2922,3636252,240060,"HQ","NP","MO","NEW YORK",3300465,"NY0778","NY",2,1,"Y","$0.00","MC1",NA,2633.06,160732,13554002,2199,2005,"455 FIFTH AVENUE","122",NA,"$22199767.00","$9406.00","$12198778.00",127346,258,"1/1/04","12/31/04",25964,570429,"","","",NA,NA,NA,NA,NA,NA,NA,NA,NA,NA,NA,NA,"",NA,"",NA,NA,NA,NA,NA,NA,NA,"",NA,"","","","01/01/2004"
"123128","400300000","BROOKLYN PUBLIC LIBRARY","7182302403",1,59,2,293.13,352.63,601.13,"$103769306.00","$7177691.00","$1154611.00","$10496805.00","$122598413.00","$4939202.00","$82882908.00",NA,4474819,14519,3715036,15370209,2979,1855,5671629,345937,"HQ","NP","MO","KINGS",2451887,"NY0004","NY",2,1,"Y","$1620949.00","CO1",NA,953.76,112632,10884302,959,2006,"GRAND ARMY PLAZA","5698",NA,"$2809079.00","$509174.00","$105564.00",7426,64,"1/1/05","12/31/05",36626,571667,"$105564.00","$0.00","$0.00",19843,0,0,0,NA,NA,NA,NA,NA,NA,NA,NA,"",NA,"",NA,NA,NA,NA,NA,NA,NA,"",NA,"","","","01/01/2005"
"123660","6800310000","QUEENS BOROUGH PUBLIC LIBRARY","7189908618",1,62,0,275.63,299.26,925.75,"$93950542.00","$6297072.00","$2547671.00","$4926552.00","$107721837.00","$10915183.00","$84963379.00",NA,5959874,6327,3630783,19482461,5519,1440,5080990,297145,"HQ","CO","MO","QUEENS",2217226,"NY0562","NY",2,2,"Y","$982984.00","CO1",NA,1225.01,125895,14143211,970,2006,"89-11 MERRICK BOULEVARD","5248",NA,"$9370556.00","$561643.00","$0.00",8059,76,"1/1/05","12/31/05",24199,495171,"$0.00","$0.00","$0.00",12795,0,0,0,NA,NA,NA,NA,NA,NA,NA,NA,"",NA,"",NA,NA,NA,NA,NA,NA,NA,"",NA,"","","","01/01/2005"
"123857","4801290000","NEW YORK PUBLIC LIBRARY, THE BRANCH LIBRARIES","2126420120",1,87,0,570.88,570.88,2211.41,"$120276586.00","$22987413.00","$1791295.00","$89425332.00","$234480626.00","$24162796.00","$223439193.00",NA,20280526,95099,7292477,15710007,6004,2511,3675187,246166,"HQ","NP","MO","NEW YORK",3295510,"NY0778","NY",2,1,"Y","$0.00","MC1",NA,2782.29,172848,13842278,2328,2006,"455 FIFTH AVENUE","122",NA,"$24139407.00","$23389.00","$32486235.00",135598,514,"1/1/05","12/31/05",25405,533154,"$31722254.00","$763981.00","$0.00",12148,0,0,0,NA,NA,NA,NA,NA,NA,NA,NA,"",NA,"",NA,NA,NA,NA,NA,NA,NA,"",NA,"","","","01/01/2005"
"132360","400300000","BROOKLYN PUBLIC LIBRARY","7182302403",1,59,2,293.56,353.06,597.63,"$76619886.00","$8517903.00","$1411288.00","$10526861.00","$97075938.00","$5534438.00","$89041149.00",NA,4635691,14422,3812100,15923239,3105,1905,7333463,385071,"HQ","NP","MO","KINGS",2450928,"NY0004","NY",2,1,"Y","$1679138.00","CO1",NA,950.69,112632,10955423,1009,2007,"GRAND ARMY PLAZA","5698",NA,"$2784393.00","$1070907.00","$30495.00",1638,76,"1/1/06","12/31/06",36503,579865,"$30495.00","$0.00","$0.00",19870,0,0,0,12,1145603,2941322,NA,NA,NA,NA,NA,"",NA,"",NA,NA,NA,NA,NA,NA,NA,"",NA,"","","","01/01/2006"
"132894","6800310000","QUEENS BOROUGH PUBLIC LIBRARY","7189900700",1,62,1,311.5,329,867.13,"$74021402.00","$6942765.00","$2717248.00","$8264027.00","$91945442.00","$10055570.00","$94453954.00",NA,6050033,7649,3375840,20478447,5635,1683,5511703,261238,"HQ","CO","MO","QUEENS",2216359,"NY0562","NY",2,1,"Y","$560947.00","CO1",NA,1196.13,120409,14131408,1100,2007,"89-11 MERRICK BOULEVARD","5248",NA,"$8590319.00","$904304.00","$0.00",11956,83,"1/1/06","12/31/06",22948,464143,"$0.00","$0.00","$0.00",11533,0,0,0,19,817455,2673381,NA,NA,NA,NA,NA,"",NA,"",NA,NA,NA,NA,NA,NA,NA,"",NA,"","","","01/01/2006"
"133090","4801290000","NEW YORK PUBLIC LIBRARY, THE BRANCH LIBRARIES","2126420120",1,89,0,547.9,547.9,2187.89,"$124392347.00","$21576607.00","$2154024.00","$89688756.00","$237811734.00","$26650776.00","$232321348.00",NA,20735254,90047,8129928,16152096,8773,2102,3875635,302904,"HQ","NP","MO","NEW YORK",3294221,"NY0778","NY",2,2,"Y","$46291.00","MC1",NA,2735.79,170872,15181566,2337,2007,"455 FIFTH AVENUE","122",NA,"$26555658.00","$48827.00","$11795177.00",134968,607,"1/1/06","12/31/06",27344,587468,"$6657339.00","$4690493.00","$0.00",12751,0,0,0,14,2712535,4925870,NA,NA,NA,NA,NA,"",NA,"",NA,NA,NA,NA,NA,NA,NA,"",NA,"","","","01/01/2006"
"141535","400300000","BROOKLYN PUBLIC LIBRARY","7182302403",1,59,2,344.75,413,684.25,"$92984153.00","$8471470.00","$674674.00","$12079352.00","$114209649.00","$8147135.00","$97089558.00",NA,3109467,17547,3450350,16488414,3466,2147,5622977,492158,"HQ","NP","MO","KINGS",2448997,"NY0004","NY",2,1,"Y","$1896440.00","CO1",NA,1097.25,120380,12410531,1078,2008,"GRAND ARMY PLAZA","5698",NA,"$5413686.00","$837009.00","$1269931.00",2384,80,"1/1/07","12/31/07",37318,733897,"$0.00","$1269931.00","$0.00",19113,0,0,15,12,1102633,3221256,-73.969562,36,47,51000,1005,"11",NA,"",NA,NA,NA,NA,NA,NA,NA,"",NA,"","","","01/01/2007"
"142064","6800310000","QUEENS BOROUGH PUBLIC LIBRARY","7189900700",1,61,1,379.75,391.13,997.06,"$91915446.00","$8986525.00","$3515012.00","$9550439.00","$113967422.00","$10849934.00","$92955416.00",NA,5717821,10533,3679000,21533649,5030,1389,5782127,256736,"HQ","CO","MO","QUEENS",2214613,"NY0562","NY",2,1,"Y","$935821.00","CO1",NA,1388.19,122118,14497337,1150,2008,"89-11 MERRICK BOULEVARD","5248",NA,"$8983362.00","$930751.00","$0.00",15592,105,"1/1/07","12/31/07",23745,488198,"$0.00","$0.00","$0.00",12978,0,0,0,22,818079,2750000,-73.795283,36,81,51000,2005,"6",NA,"",NA,NA,NA,NA,NA,NA,NA,"",NA,"","","","01/01/2007"
"142259","4801290000","NEW YORK PUBLIC LIBRARY, THE BRANCH LIBRARIES","2129300674",1,89,0,607.08,607.08,1944.5,"$134384404.00","$22562409.00","$1424875.00","$91341519.00","$249713207.00","$27811653.00","$242914590.00",NA,21095163,68565,8473460,18277103,7969,2372,4143133,316454,"HQ","NP","MO","NEW YORK",3291626,"NY0778","NY",2,1,"Y","$10185.00","MC1",NA,2551.58,191412,16343209,2583,2008,"455 FIFTH AVENUE","122",NA,"$27762839.00","$38629.00","$5119062.00",202947,627,"1/1/07","12/31/07",28379,647338,"$3300606.00","$1818456.00","$0.00",12629,0,0,0,14,2726220,1639288,-73.981907,36,61,51000,1003,"14",NA,"",NA,NA,NA,NA,NA,NA,NA,"",NA,"","","","01/01/2007"
"150790","400300000","BROOKLYN PUBLIC LIBRARY","7182302403",1,59,2,371,407.75,731.06,"$76398531.00","$7973496.00","$896444.00","$9459866.00","$94728337.00","$9851612.00","$105348307.00",NA,3688047,19536,3430950,16823608,4051,3060,5645710,367852,"HQ","NP","MO","KINGS",2445845,"NY0004","NY",2,1,"Y","$1908796.00","CO1",NA,1138.81,120276,12914996,1108,2009,"10 GRAND ARMY PLAZA","5698",NA,"$7032749.00","$910067.00","$1418566.00",2987,95,"1/1/08","12/31/08",36515,615703,"$0.00","$1418566.00","$0.00",15472,0,0,0,15,1095094,3317893,-73.969496,36,47,51000,1005,"11",2556598,"11",NA,NA,NA,NA,NA,NA,NA,"",NA,"","","","01/01/2008"
"151320","6800310000","QUEENS BOROUGH PUBLIC LIBRARY","7189900700",0,61,0,365.75,390.25,1001.88,"$74452333.00","$8527202.00","$2458695.00","$5790376.00","$91228606.00","$10994034.00","$104501900.00",NA,6277001,7465,3959839,23239871,5849,1199,6638771,283404,"HQ","CO","MO","QUEENS",2211763,"NY0562","NY",2,1,"Y","$485310.00","CO1",NA,1392.13,140018,15205638,1150,2009,"89-11 MERRICK BOULEVARD","5248",NA,"$9247518.00","$1261206.00","$0.00",16749,78,"1/1/08","12/31/08",32172,610428,"$0.00","$0.00","$0.00",16104,0,0,0,22,851787,3100000,-73.795283,36,81,51000,2005,"6",2293007,"11",NA,NA,NA,NA,NA,NA,NA,"",NA,"","","","01/01/2008"
"151516","4801290000","NEW YORK PUBLIC LIBRARY, THE BRANCH LIBRARIES","2129300674",1,88,0,587.21,587.21,1865.96,"$146816680.00","$24196243.00","$1624415.00","$69401924.00","$242039262.00","$32774759.00","$248990930.00",NA,21611832,68339,8495072,21131830,8270,2659,5217976,436611,"HQ","NP","MO","NEW YORK",3287389,"NY0778","NY",2,1,"Y","$9285.00","MC1",NA,2453.17,235560,17362684,3085,2009,"455 FIFTH AVENUE","122",NA,"$32725101.00","$40373.00","$5569142.00",151996,649,"1/1/08","12/31/08",36396,779929,"$3784211.00","$1784931.00","$0.00",16451,0,0,0,15,3063833,2854074,-73.981907,36,61,51000,1003,"14",1634795,"11",NA,NA,NA,NA,NA,NA,NA,"",NA,"","","","01/01/2008"
"160078","400300000","BROOKLYN PUBLIC LIBRARY","7182302403",1,59,2,356.56,421.75,700.44,"$101593381.00","$8263225.00","$805590.00","$7186475.00","$117848671.00","$7448824.00","$107051257.00",NA,3943126,7310,3436060,17272770,5250,5140,5957100,508909,"HQ","NP","MO","KINGS",2443370,"NY0004","NY",2,1,"Y","$1059690.00","CO1",NA,1122.19,130468,13225122,1108,2010,"10 GRAND ARMY PLAZA","5698",NA,"$5425613.00","$963521.00","$1298560.00",6923,107,"1/1/09","12/31/09",43484,768881,"$0.00","$1298560.00","$0.00",21343,0,0,0,8,1173872,2312788,-73.969496,36,47,51000,1005,"11",2567098,"11",9521,112810,NA,NA,NA,NA,NA,"",NA,"","","","01/01/2009"
"160803","4801290000","NEW YORK PUBLIC LIBRARY, THE BRANCH LIBRARIES","2129300674",1,88,0,521.33,521.33,1647.29,"$161587200.00","$13651332.00","$2235799.00","$103941770.00","$281416101.00","$21567956.00","$240824823.00",NA,21528651,60707,7940465,21401876,8187,3218,5603969,459708,"HQ","NP","MO","NEW YORK",3284062,"NY0778","NY",2,1,"Y","$26437.00","MC1",NA,2168.62,242424,17941990,3609,2010,"455 FIFTH AVENUE","122",NA,"$21531804.00","$9715.00","$68448401.00",198387,359,"1/1/09","12/31/09",41453,845716,"$31463591.00","$3282626.00","$33702184.00",18091,0,0,0,8,3025888,3063761,-73.981907,36,61,51000,1003,"14",1629054,"11",6675,99944,NA,NA,NA,NA,NA,"",NA,"","","","01/01/2009"
"169383","400300000","BROOKLYN PUBLIC LIBRARY","7182302403",1,57,4,223.13,252.88,797.56,"$60790402.00","$7696746.00","$1002844.00","$6438518.00","$75928510.00","$9326834.00","$101992063.00",NA,3631313,3626,3400650,19473773,6047,4230,6577174,406958,"HQ","NP","MO","KINGS",2446630,"NY0004","NY",2,1,"Y","$1248169.00","CO1",NA,1050.44,110136,12340500,1108,2011,"10 GRAND ARMY PLAZA","5698",NA,"$6654862.00","$1423803.00","$1319867.00",11083,112,"1/1/10","12/31/10",38447,674748,"$0.00","$1319867.00","$0.00",16222,0,0,0,9,706225,2307968,-73.969496,36,47,51000,1005,"11",2508340,"11",8025,89890,17792,4771,268248,1559,NA,"",NA,"","","","01/01/2010"
"169912","6800310000","QUEENS BOROUGH PUBLIC LIBRARY","7189900700",1,61,0,314.13,314.13,885.06,"$61430663.00","$10549272.00","$2816842.00","$5899676.00","$80696453.00","$7410194.00","$101803226.00",NA,5658275,6917,3511118,21901954,5030,1282,6840918,231290,"HQ","CO","MO","QUEENS",2212472,"NY0562","NY",2,1,"Y","$307183.00","CO1",NA,1199.19,129579,13683192,1361,2011,"89-11 MERRICK BOULEVARD","5248",NA,"$6114632.00","$988379.00","$0.00",12536,33,"1/1/10","12/31/10",26295,534472,"$0.00","$0.00","$0.00",13662,0,6,0,9,897623,2836014,-73.795283,36,81,51000,2005,"6",2233841,"11",3697,47875,173357,6675,421061,5182,NA,"",NA,"","","","01/01/2010"
"170109","4801290000","NEW YORK PUBLIC LIBRARY, THE BRANCH LIBRARIES","2129300674",1,89,0,392.3,511.39,1239.7,"$93757616.00","$11237941.00","$1122834.00","$82477857.00","$188596248.00","$29874549.00","$231206520.00",NA,20919629,63576,7502578,26667083,8152,3637,7231885,425793,"HQ","NP","MO","NEW YORK",3288444,"NY0778","NY",2,1,"Y","$10041.00","MC1",NA,1751.09,210266,17786153,3766,2011,"455 FIFTH AVENUE","122",NA,"$29858263.00","$6245.00","$66537208.00",182256,379,"1/1/10","12/31/10",43287,853292,"$52648692.00","$10171275.00","$3717241.00",17622,0,0,0,9,2815855,4400000,-73.981907,36,61,51000,1003,"14",1586698,"11",7578,97309,1626072,13056,309372,900,NA,"",NA,"","","","01/01/2010"
"178691","400300000","BROOKLYN PUBLIC LIBRARY","7182302403",1,58,4,294,319.38,731.06,"$84374219.00","$10798147.00","$1333514.00","$9024038.00","$105529918.00","$5427037.00","$96048499.00",NA,3208769,3399,3400650,20148596,21053,5140,7222280,382905,"HQ","NP","MO","KINGS",2445488,"NY0004","NY",2,1,"Y","$989967.00","CO1",NA,1050.44,135304,12340500,957,2012,"10 GRAND ARMY PLAZA","5698",NA,"$3399214.00","$1037856.00","$1460020.00",29060,118,"1/1/11","12/31/11",35370,640415,"$0.00","$1460020.00","$0.00",14909,0,0,0,9,818589,2194395,-73.969496,36,47,51000,1003,"36",2540230,"11",6709,69479,30482,7463,286187,915,35620,"0",NA,"","","","01/01/2011"
"179224","6800310000","QUEENS BOROUGH PUBLIC LIBRARY","7189900700",1,61,0,287.88,287.88,775.25,"$84798027.00","$9659348.00","$2465238.00","$3202409.00","$100125022.00","$4307412.00","$97333968.00",NA,6102360,7253,3008642,19498937,4951,1339,6959491,297125,"HQ","CO","MO","QUEENS",2211439,"NY0562","NY",2,1,"Y","$262990.00","CO1",NA,1063.13,125632,12551065,1536,2012,"89-11 MERRICK BOULEVARD","5248",NA,"$3459012.00","$585410.00","$0.00",17908,31,"1/1/11","12/31/11",34297,668569,"$0.00","$0.00","$0.00",17337,0,0,0,9,898120,2662357,-73.795269,36,81,51000,2006,"36",2256438,"11",5073,91963,176763,3559,469918,664,35620,"0",NA,"","","","01/01/2011"
"179419","4801290000","NEW YORK PUBLIC LIBRARY, THE BRANCH LIBRARIES","2129300953",1,89,0,436.55,623.36,1132.35,"$129814982.00","$29419248.00","$1312531.00","$80627620.00","$241174381.00","$21902668.00","$219503168.00",NA,20528019,60835,8236249,27599365,9126,4739,7490244,520598,"HQ","NP","MO","NEW YORK",3286909,"NY0778","NY",2,1,"Y","$0.00","MC1",NA,1755.71,213148,17520417,3863,2012,"455 FIFTH AVENUE","122",NA,"$21900168.00","$2500.00","$97561899.00",218457,369,"1/1/11","12/31/11",48994,1055636,"$90960808.00","$6601091.00","$0.00",21634,0,0,0,9,2195964,3497553,-73.981907,36,61,51000,1003,"36",1606099,"11",9238,131220,1591254,12334,343955,1006,35620,"0",NA,"","","","01/01/2011"
"188000","400300000","BROOKLYN PUBLIC LIBRARY","7182302404",1,59,4,268.19,290.5,647.06,"$79110486.00","$8973141.00","$2733863.00","$10799113.00","$101616603.00","$7142083.00","$99912119.00",NA,3179126,6445,3186050,19238573,4884,5066,9011290,509024,"HQ","NP","MO","KINGS",2487149,"NY0004","NY",2,1,"Y","$1414870.00","CO1",NA,937.56,136027,12024071,936,2013,"10 GRAND ARMY PLAZA","5619",NA,"$4664460.00","$1062753.00","$1391747.00",43994,77,"1/1/12","12/31/12",40911,799708,"$0.00","$1391747.00","$0.00",18613,0,0,0,9,915441,2268553,-73.969504,36,47,51000,1003,"36",2568435,"11",7371,80777,44651,9309,230777,916,35620,"0",68,"house","STD","NND","01/01/2012"
"188530","6800310000","QUEENS BOROUGH PUBLIC LIBRARY","7189900700",1,61,0,295.75,295.75,759.5,"$80481622.00","$7069082.00","$5743121.00","$3834481.00","$97128306.00","$4119147.00","$97328071.00",NA,4481261,7130,4626648,17939473,3003,1622,6711083,294662,"HQ","CO","MO","QUEENS",2215091,"NY0562","NY",2,1,"Y","$498600.00","CO1",NA,1055.25,127606,12881000,1650,2013,"89-11 MERRICK BOULEVARD","5242",NA,"$3077246.00","$543301.00","$0.00",27192,34,"1/1/12","12/31/12",35363,660149,"$0.00","$0.00","$0.00",17675,0,0,0,9,883994,2594650,-73.795305,36,81,51000,2006,"36",2275889,"11",5509,84892,119600,3531,378074,736,35620,"0",25,"postalcode-sub","PCR","POC","01/01/2012"
"188726","4801290000","NEW YORK PUBLIC LIBRARY, THE BRANCH LIBRARIES","2126420118",1,87,0,413.74,600.59,1184.92,"$122911369.00","$15075433.00","$1443441.00","$115062833.00","$254493076.00","$24078205.00","$228659277.00",NA,20889337,60776,9194784,26976911,6813,5936,7916509,645247,"HQ","NP","MO","NEW YORK",3415609,"NY0778","NY",2,1,"Y","$25320.00","MC1",NA,1785.51,213148,18162641,4069,2013,"455 FIFTH AVENUE","118",NA,"$24036116.00","$16769.00","$51317693.00",262444,374,"1/1/12","12/31/12",58289,1214726,"$41459232.00","$3111831.00","$6746630.00",25909,0,0,0,9,2044850,4742842,-73.981914,36,61,51000,1003,"36",1621323,"11",10399,142688,1351045,12500,729856,1100,35620,"0",365,"house","STD","NND","01/01/2012"
